id,first_name,last_name,email,gender,ip_address
1,Jada,L'Hommeau,jlhommeau0@google.nl,Female,5.32.115.200
2,Jessie,Strange,jstrange1@nydailynews.com,Female,196.124.141.5
3,Gherardo,Giacomucci,ggiacomucci2@ask.com,Male,253.157.232.83
4,Mort,Morfey,mmorfey3@msn.com,Male,229.196.51.212
5,Sky,Fincken,sfincken4@skype.com,Male,39.202.151.96
6,Giovanna,Minghetti,gminghetti5@globo.com,Female,148.24.108.6
7,Stephanie,Ridoutt,sridoutt6@soundcloud.com,Female,29.7.229.160
8,Byrle,Farmloe,bfarmloe7@google.cn,Male,180.9.82.19
9,Leda,Petts,lpetts8@t.co,Female,100.234.43.101
10,Shaylynn,Reihill,sreihill9@naver.com,Female,240.236.218.148
11,Morty,Zorzi,mzorzia@surveymonkey.com,Male,219.109.148.197
12,Lucienne,M'Quhan,lmquhanb@smugmug.com,Female,190.205.196.99
13,Adelbert,Siemon,asiemonc@mail.ru,Male,57.184.201.101
14,Desi,Drinan,ddrinand@reuters.com,Male,118.209.222.147
15,Kerstin,Benoey,kbenoeye@biglobe.ne.jp,Female,139.151.217.167
16,Lyn,Woolmer,lwoolmerf@hc360.com,Male,42.91.175.34
17,Berrie,McClaurie,bmcclaurieg@privacy.gov.au,Female,142.57.176.21
18,Lanie,Herion,lherionh@spotify.com,Female,3.156.36.57
19,Leyla,Elliot,lellioti@devhub.com,Female,20.187.116.65
20,Brad,Swinburn,bswinburnj@homestead.com,Male,174.142.93.47
21,Robinette,Paramore,rparamorek@apache.org,Female,207.31.181.134
22,Gisele,Shilstone,gshilstonel@examiner.com,Female,64.99.89.68
23,Antony,Matusson,amatussonm@fda.gov,Male,48.194.224.140
24,Mel,Unger,mungern@fc2.com,Female,39.147.194.127
25,Shandra,Heugel,sheugelo@nyu.edu,Female,230.134.32.212
26,Jorrie,Scollan,jscollanp@google.fr,Female,120.208.241.119
27,Lissa,Walklot,lwalklotq@psu.edu,Female,3.178.165.29
28,Hercule,Jeavon,hjeavonr@epa.gov,Male,138.88.214.13
29,Alic,Orleton,aorletons@imgur.com,Male,209.150.169.140
30,Amandi,Chiplen,achiplent@gnu.org,Female,180.130.10.32
31,Allistir,Hullbrook,ahullbrooku@wix.com,Male,51.18.112.122
32,Linn,Etheredge,letheredgev@who.int,Male,3.37.151.140
33,Adela,Baish,abaishw@ezinearticles.com,Female,128.25.209.50
34,Hermina,Fessler,hfesslerx@sohu.com,Female,153.115.245.112
35,Fernando,Hyndley,fhyndleyy@walmart.com,Male,176.111.189.241
36,Rutledge,Fawkes,rfawkesz@scribd.com,Male,80.129.65.66
37,Celie,Wackley,cwackley10@slashdot.org,Female,113.110.175.180
38,Dorrie,Brayley,dbrayley11@globo.com,Female,2.107.232.229
39,Robbin,Reape,rreape12@digg.com,Female,90.59.179.84
40,Hali,Siemantel,hsiemantel13@amazon.com,Female,119.5.10.66
41,Ian,Hambrook,ihambrook14@fda.gov,Male,18.74.178.102
42,Ramona,Filasov,rfilasov15@home.pl,Female,28.203.3.27
43,Alecia,Rudloff,arudloff16@hhs.gov,Female,79.210.96.9
44,Gardner,Andrioni,gandrioni17@pinterest.com,Male,10.29.54.173
45,Amalee,Sporrij,asporrij18@hao123.com,Female,133.35.179.88
46,Marcus,Filipiak,mfilipiak19@indiatimes.com,Male,45.112.90.25
47,Lilllie,Giles,lgiles1a@skyrock.com,Female,61.109.183.55
48,Mirella,Robbie,mrobbie1b@telegraph.co.uk,Female,26.122.146.153
49,Collie,Harrild,charrild1c@domainmarket.com,Female,253.27.2.51
50,Tilda,Fleming,tfleming1d@jugem.jp,Female,94.173.48.138
51,Jeanine,Lyle,jlyle1e@cloudflare.com,Female,81.205.16.204
52,Xaviera,Caunce,xcaunce1f@theguardian.com,Female,65.13.148.14
53,Ronald,Riep,rriep1g@netlog.com,Male,37.193.217.197
54,Aldin,Ewing,aewing1h@amazon.co.jp,Male,173.190.94.236
55,Bryan,Robroe,brobroe1i@tamu.edu,Male,97.199.180.97
56,Cinda,Jouen,cjouen1j@gmpg.org,Female,0.110.156.105
57,Townsend,Squire,tsquire1k@mysql.com,Male,165.121.104.203
58,Desiree,Collie,dcollie1l@people.com.cn,Female,172.135.14.122
59,Harris,Michelin,hmichelin1m@domainmarket.com,Male,4.90.18.153
60,Titos,Rushman,trushman1n@patch.com,Male,12.163.120.240
61,Felipe,Briscoe,fbriscoe1o@nhs.uk,Male,248.245.150.4
62,Anissa,Elam,aelam1p@jiathis.com,Female,241.153.169.140
63,Bev,Peplaw,bpeplaw1q@noaa.gov,Female,89.129.100.173
64,Lucille,Elies,lelies1r@typepad.com,Female,120.6.222.102
65,Beale,Capeloff,bcapeloff1s@accuweather.com,Male,124.230.159.160
66,Mic,Ruvel,mruvel1t@oracle.com,Male,2.250.126.219
67,Vassily,Bugg,vbugg1u@wikimedia.org,Male,211.41.27.189
68,Kristin,Drewitt,kdrewitt1v@furl.net,Female,61.18.159.175
69,Lorry,Alejandri,lalejandri1w@about.me,Male,51.149.30.118
70,Garey,Valentinetti,gvalentinetti1x@nyu.edu,Male,164.229.39.20
71,Jessamyn,Briance,jbriance1y@squidoo.com,Female,24.185.62.143
72,Greggory,Edmonstone,gedmonstone1z@stanford.edu,Male,211.17.61.143
73,Ophelia,McCrudden,omccrudden20@indiatimes.com,Female,136.240.190.143
74,Eryn,Tallent,etallent21@ft.com,Female,187.93.235.133
75,Shayne,Ruter,sruter22@ocn.ne.jp,Male,42.109.208.169
76,Harvey,Roscamps,hroscamps23@fc2.com,Male,43.154.76.34
77,Will,Iacopo,wiacopo24@foxnews.com,Male,165.46.39.70
78,Torin,Rye,trye25@discovery.com,Male,79.11.196.225
79,Robinet,Joselin,rjoselin26@nhs.uk,Male,99.33.179.44
80,Mireielle,Ouldcott,mouldcott27@foxnews.com,Female,211.248.172.26
81,Hamilton,Mottley,hmottley28@army.mil,Male,195.52.60.102
82,Si,Keppie,skeppie29@chicagotribune.com,Male,80.210.141.15
83,Hettie,Kelston,hkelston2a@dmoz.org,Female,190.16.10.71
84,Vi,Dandison,vdandison2b@nhs.uk,Female,6.163.222.220
85,Jeffie,Yarrow,jyarrow2c@symantec.com,Male,197.84.28.2
86,Randi,Siflet,rsiflet2d@soup.io,Female,168.13.149.21
87,Greggory,Scritch,gscritch2e@imgur.com,Male,153.57.12.31
88,Dacy,Blaszczak,dblaszczak2f@google.nl,Female,216.14.13.110
89,Billy,Hardey,bhardey2g@boston.com,Male,124.9.76.137
90,Violante,Lineham,vlineham2h@sourceforge.net,Female,195.109.118.208
91,Zea,Clemonts,zclemonts2i@wired.com,Female,126.169.120.97
92,Gibbie,Mansford,gmansford2j@facebook.com,Male,95.137.107.22
93,Andi,Jefferd,ajefferd2k@soundcloud.com,Female,235.92.226.51
94,Valry,Innot,vinnot2l@simplemachines.org,Female,31.173.200.167
95,Denice,Rhodef,drhodef2m@addtoany.com,Female,19.57.14.148
96,Lotti,Ogilby,logilby2n@51.la,Female,144.103.122.70
97,Zachariah,Verni,zverni2o@networkadvertising.org,Male,34.149.158.38
98,Margarita,Rosita,mrosita2p@dot.gov,Female,57.61.210.89
99,Adler,Baylis,abaylis2q@harvard.edu,Male,219.173.63.163
100,Brinn,Korb,bkorb2r@cyberchimps.com,Female,18.254.239.15
